date,description,ratio,from_factor,to_factor,symbol
2003-02-18,2-for-1 split,0.5,2,1,MSFT
1999-03-29,2-for-1 split,0.5,2,1,MSFT
1998-02-23,2-for-1 split,0.5,2,1,MSFT
1996-12-09,2-for-1 split,0.5,2,1,MSFT
1994-05-23,2-for-1 split,0.5,2,1,MSFT
1992-06-15,3-for-2 split,0.66667,3,2,MSFT
1991-06-27,3-for-2 split,0.66667,3,2,MSFT
1990-04-16,2-for-1 split,0.5,2,1,MSFT
1987-09-21,2-for-1 split,0.5,2,1,MSFT
2020-08-31,4-for-1 split,0.25,4,1,AAPL
2014-06-09,7-for-1 split,0.14286,7,1,AAPL
2005-02-28,2-for-1 split,0.5,2,1,AAPL
2000-06-21,2-for-1 split,0.5,2,1,AAPL
1987-06-16,2-for-1 split,0.5,2,1,AAPL
2021-07-20,4-for-1 split,0.25,4,1,NVDA
2007-09-11,3-for-2 split,0.66667,3,2,NVDA
2006-04-07,2-for-1 split,0.5,2,1,NVDA
2001-09-17,2-for-1 split,0.5,2,1,NVDA
2001-09-12,2-for-1 split,0.5,2,1,NVDA
2000-06-27,2-for-1 split,0.5,2,1,NVDA
2022-06-06,20-for-1 split,0.05,20,1,AMZN
1999-09-02,2-for-1 split,0.5,2,1,AMZN
1999-01-05,3-for-1 split,0.33333,3,1,AMZN
1998-06-02,2-for-1 split,0.5,2,1,AMZN
2022-07-18,20-for-1 split,0.05,20,1,GOOGL
2014-04-03,1998-for-1000 split,0.5005,1998,1000,GOOGL
2010-01-21,50-for-1 split,0.02,50,1,BRK.B
1997-10-16,2-for-1 split,0.5,2,1,LLY
1995-12-21,2-for-1 split,0.5,2,1,LLY
1989-05-01,2-for-1 split,0.5,2,1,LLY
1986-01-30,2-for-1 split,0.5,2,1,LLY
2009-07-15,1005-for-1000 split,0.99502,1005,1000,TSM
2008-07-16,1-for-1 split,1.0,1,1,TSM
2007-06-08,1-for-1 split,1.0,1,1,TSM
2006-06-20,103-for-100 split,0.97087,103,100,TSM
2005-06-13,105-for-100 split,0.95238,105,100,TSM
2004-06-14,114-for-100 split,0.87719,114,100,TSM
2003-07-07,108-for-100 split,0.92593,108,100,TSM
2002-06-19,11-for-10 split,0.90909,11,10,TSM
2001-06-26,140-for-100 split,0.71429,140,100,TSM
2000-05-15,128-for-100 split,0.78125,128,100,TSM
1999-08-16,123-for-100 split,0.81301,123,100,TSM
2022-08-25,3-for-1 split,0.33333,3,1,TSLA
2020-08-31,5-for-1 split,0.2,5,1,TSLA
2015-03-19,4-for-1 split,0.25,4,1,V
2023-09-20,2-for-1 split,0.5,2,1,NVO
2014-01-09,5-for-1 split,0.2,5,1,NVO
2007-12-17,2-for-1 split,0.5,2,1,NVO
2001-04-11,5-for-2 split,0.4,5,2,NVO
1994-04-18,4-for-1 split,0.25,4,1,NVO
2000-06-12,3-for-2 split,0.66667,3,2,JPM
1998-06-15,2-for-1 split,0.5,2,1,JPM
1984-04-16,3-for-2 split,0.66667,3,2,JPM
1982-04-16,3-for-2 split,0.66667,3,2,JPM
2024-02-26,3-for-1 split,0.33333,3,1,WMT
1999-04-20,2-for-1 split,0.5,2,1,WMT
1993-02-26,2-for-1 split,0.5,2,1,WMT
1990-07-09,2-for-1 split,0.5,2,1,WMT
1987-07-13,2-for-1 split,0.5,2,1,WMT
1985-10-07,2-for-1 split,0.5,2,1,WMT
1983-07-11,2-for-1 split,0.5,2,1,WMT
1982-07-12,2-for-1 split,0.5,2,1,WMT
1980-12-17,2-for-1 split,0.5,2,1,WMT
1975-08-25,2-for-1 split,0.5,2,1,WMT
2005-05-31,2-for-1 split,0.5,2,1,UNH
2003-06-19,2-for-1 split,0.5,2,1,UNH
2000-12-26,2-for-1 split,0.5,2,1,UNH
1994-03-11,2-for-1 split,0.5,2,1,UNH
1992-09-16,2-for-1 split,0.5,2,1,UNH
2014-01-22,10-for-1 split,0.1,10,1,MA
2001-07-19,2-for-1 split,0.5,2,1,XOM
1997-04-14,2-for-1 split,0.5,2,1,XOM
1987-09-15,2-for-1 split,0.5,2,1,XOM
1981-06-12,2-for-1 split,0.5,2,1,XOM
1976-07-26,2-for-1 split,0.5,2,1,XOM
2007-10-01,8-for-9 split,1.125,8,9,ASML
2000-04-17,3-for-1 split,0.33333,3,1,ASML
1998-05-08,2-for-1 split,0.5,2,1,ASML
1997-05-12,2-for-1 split,0.5,2,1,ASML
2001-06-13,2-for-1 split,0.5,2,1,JNJ
1996-06-12,2-for-1 split,0.5,2,1,JNJ
1992-06-10,2-for-1 split,0.5,2,1,JNJ
1989-05-11,2-for-1 split,0.5,2,1,JNJ
1981-05-19,3-for-1 split,0.33333,3,1,JNJ
1970-05-18,3-for-1 split,0.33333,3,1,JNJ
1999-12-31,3-for-2 split,0.66667,3,2,HD
1998-07-06,2-for-1 split,0.5,2,1,HD
1997-07-07,3-for-2 split,0.66667,3,2,HD
1993-04-14,4-for-3 split,0.75,4,3,HD
1992-07-02,3-for-2 split,0.66667,3,2,HD
1991-06-26,3-for-2 split,0.66667,3,2,HD
1990-07-06,3-for-2 split,0.66667,3,2,HD
1989-07-03,3-for-2 split,0.66667,3,2,HD
1987-09-22,3-for-2 split,0.66667,3,2,HD
1983-06-09,2-for-1 split,0.5,2,1,HD
1982-12-08,2-for-1 split,0.5,2,1,HD
1982-05-11,5-for-4 split,0.8,5,4,HD
1982-01-20,3-for-2 split,0.66667,3,2,HD
2004-06-21,2-for-1 split,0.5,2,1,PG
1997-09-22,2-for-1 split,0.5,2,1,PG
1992-06-15,2-for-1 split,0.5,2,1,PG
1989-11-20,2-for-1 split,0.5,2,1,PG
1983-02-22,2-for-1 split,0.5,2,1,PG
1970-05-19,2-for-1 split,0.5,2,1,PG
2000-01-14,2-for-1 split,0.5,2,1,COST
1993-10-22,2-for-1 split,0.5,2,1,COST
1991-06-25,11-for-10 split,0.90909,11,10,TM
1990-06-26,11-for-10 split,0.90909,11,10,TM
1989-06-27,105-for-100 split,0.95238,105,100,TM
1988-12-24,105-for-100 split,0.95238,105,100,TM
1985-06-26,105-for-100 split,0.95238,105,100,TM
1984-06-27,105-for-100 split,0.95238,105,100,TM
1982-06-26,11-for-10 split,0.90909,11,10,TM
1982-03-15,5-for-1 split,0.2,5,1,TM
1981-12-25,11-for-10 split,0.90909,11,10,TM
1980-06-26,105-for-100 split,0.95238,105,100,TM
2000-08-22,2-for-1 split,0.5,2,1,AMD
1983-08-23,2-for-1 split,0.5,2,1,AMD
1982-10-28,3-for-2 split,0.66667,3,2,AMD
1980-10-24,2-for-1 split,0.5,2,1,AMD
2021-06-03,1048-for-1000 split,0.9542,1048,1000,MRK
1999-02-17,2-for-1 split,0.5,2,1,MRK
1992-05-26,3-for-1 split,0.33333,3,1,MRK
1988-05-26,3-for-1 split,0.33333,3,1,MRK
1986-05-27,2-for-1 split,0.5,2,1,MRK
1972-06-01,2-for-1 split,0.5,2,1,MRK
2000-10-13,2-for-1 split,0.5,2,1,ORCL
2000-01-19,2-for-1 split,0.5,2,1,ORCL
1999-03-01,3-for-2 split,0.66667,3,2,ORCL
1997-08-18,3-for-2 split,0.66667,3,2,ORCL
1996-04-17,3-for-2 split,0.66667,3,2,ORCL
1995-02-23,3-for-2 split,0.66667,3,2,ORCL
1993-11-09,2-for-1 split,0.5,2,1,ORCL
1989-07-03,2-for-1 split,0.5,2,1,ORCL
1987-12-21,2-for-1 split,0.5,2,1,ORCL
1987-03-25,2-for-1 split,0.5,2,1,ORCL
2013-04-18,4-for-1 split,0.25,4,1,CRM
2004-09-13,2-for-1 split,0.5,2,1,CVX
1994-06-13,2-for-1 split,0.5,2,1,CVX
1981-03-11,2-for-1 split,0.5,2,1,CVX
1973-12-11,2-for-1 split,0.5,2,1,CVX
2004-08-30,2-for-1 split,0.5,2,1,BAC
1997-02-28,2-for-1 split,0.5,2,1,BAC
1986-11-21,2-for-1 split,0.5,2,1,BAC
2015-07-15,7-for-1 split,0.14286,7,1,NFLX
2004-02-12,2-for-1 split,0.5,2,1,NFLX
2005-05-24,2-for-1 split,0.5,2,1,ADBE
2000-10-25,2-for-1 split,0.5,2,1,ADBE
1999-10-27,2-for-1 split,0.5,2,1,ADBE
1993-08-11,2-for-1 split,0.5,2,1,ADBE
1988-11-23,2-for-1 split,0.5,2,1,ADBE
1987-03-12,2-for-1 split,0.5,2,1,ADBE
2012-08-13,2-for-1 split,0.5,2,1,KO
1996-05-13,2-for-1 split,0.5,2,1,KO
1992-05-12,2-for-1 split,0.5,2,1,KO
1990-05-14,2-for-1 split,0.5,2,1,KO
1986-07-01,3-for-1 split,0.33333,3,1,KO
1977-06-01,2-for-1 split,0.5,2,1,KO
2011-12-30,10-for-1 split,0.1,10,1,ACN
1996-05-29,2-for-1 split,0.5,2,1,PEP
1990-09-05,3-for-1 split,0.33333,3,1,PEP
1986-05-29,3-for-1 split,0.33333,3,1,PEP
1977-05-31,3-for-1 split,0.33333,3,1,PEP
2007-05-31,3-for-1 split,0.33333,3,1,FMX
1998-07-28,4-for-1 split,0.25,4,1,SAP
1996-06-06,3-for-2 split,0.66667,3,2,TMO
1995-05-25,3-for-2 split,0.66667,3,2,TMO
1993-10-29,3-for-2 split,0.66667,3,2,TMO
1986-11-03,3-for-2 split,0.66667,3,2,TMO
1985-09-17,3-for-2 split,0.66667,3,2,TMO
1984-01-04,3-for-2 split,0.66667,3,2,TMO
2003-12-16,2-for-1 split,0.5,2,1,LIN
1999-03-08,2-for-1 split,0.5,2,1,MCD
1994-06-27,2-for-1 split,0.5,2,1,MCD
1989-06-19,2-for-1 split,0.5,2,1,MCD
1987-06-23,3-for-2 split,0.66667,3,2,MCD
1986-06-26,3-for-2 split,0.66667,3,2,MCD
1984-09-25,3-for-2 split,0.66667,3,2,MCD
1982-10-07,3-for-2 split,0.66667,3,2,MCD
1972-06-06,2-for-1 split,0.5,2,1,MCD
1971-06-14,3-for-2 split,0.66667,3,2,MCD
2019-04-09,1116-for-1000 split,0.89606,1116,1000,NVS
2000-05-11,2-for-1 split,0.5,2,1,NVS
2013-01-02,10000-for-4798 split,0.4798,10000,4798,ABT
2004-05-03,10000-for-9356 split,0.9356,10000,9356,ABT
1998-06-01,2-for-1 split,0.5,2,1,ABT
1992-06-01,2-for-1 split,0.5,2,1,ABT
1990-06-01,2-for-1 split,0.5,2,1,ABT
1986-06-02,2-for-1 split,0.5,2,1,ABT
1981-06-01,2-for-1 split,0.5,2,1,ABT
2007-06-13,10000-for-9865 split,0.9865,10000,9865,DIS
1998-07-10,3-for-1 split,0.33333,3,1,DIS
1992-05-18,4-for-1 split,0.25,4,1,DIS
1986-03-06,4-for-1 split,0.25,4,1,DIS
1977-12-06,1-for-1 split,1.0,1,1,DIS
1976-12-16,103-for-100 split,0.97087,103,100,DIS
1975-12-15,103-for-100 split,0.97087,103,100,DIS
1974-11-29,102-for-100 split,0.98039,102,100,DIS
1973-11-27,102-for-100 split,0.98039,102,100,DIS
1973-01-16,2-for-1 split,0.5,2,1,DIS
1971-11-24,102-for-100 split,0.98039,102,100,DIS
1971-03-01,2-for-1 split,0.5,2,1,DIS
1997-06-30,4-for-1 split,0.25,4,1,SHEL
2015-07-27,2-for-1 split,0.5,2,1,AZN
1998-04-08,3-for-1 split,0.33333,3,1,AZN
2006-08-14,2-for-1 split,0.5,2,1,WFC
1997-10-14,2-for-1 split,0.5,2,1,WFC
1993-06-29,2-for-1 split,0.5,2,1,WFC
1989-07-24,2-for-1 split,0.5,2,1,WFC
1988-07-01,3-for-2 split,0.66667,3,2,WFC
1977-06-20,2-for-1 split,0.5,2,1,WFC
2000-03-23,2-for-1 split,0.5,2,1,CSCO
1999-06-22,2-for-1 split,0.5,2,1,CSCO
1998-09-16,3-for-2 split,0.66667,3,2,CSCO
1997-12-17,3-for-2 split,0.66667,3,2,CSCO
1996-02-20,2-for-1 split,0.5,2,1,CSCO
1994-03-21,2-for-1 split,0.5,2,1,CSCO
1993-03-22,2-for-1 split,0.5,2,1,CSCO
1992-03-23,2-for-1 split,0.5,2,1,CSCO
1991-03-18,2-for-1 split,0.5,2,1,CSCO
2013-05-01,1-for-2 split,2,1,2,TMUS
2023-10-02,1128-for-1000 split,0.88652,1128,1000,DHR
2016-07-05,1319-for-1000 split,0.75815,1319,1000,DHR
2010-06-14,2-for-1 split,0.5,2,1,DHR
2004-05-21,2-for-1 split,0.5,2,1,DHR
1998-06-01,2-for-1 split,0.5,2,1,DHR
1995-01-23,2-for-1 split,0.5,2,1,DHR
1987-09-09,2-for-1 split,0.5,2,1,DHR
2006-07-07,2-for-1 split,0.5,2,1,INTU
1999-10-01,3-for-1 split,0.33333,3,1,INTU
1995-08-22,2-for-1 split,0.5,2,1,INTU
2000-07-31,2-for-1 split,0.5,2,1,INTC
1999-04-12,2-for-1 split,0.5,2,1,INTC
1997-07-14,2-for-1 split,0.5,2,1,INTC
1995-06-19,2-for-1 split,0.5,2,1,INTC
1993-06-07,2-for-1 split,0.5,2,1,INTC
1987-10-29,3-for-2 split,0.66667,3,2,INTC
1983-07-01,2-for-1 split,0.5,2,1,INTC
1980-10-09,2-for-1 split,0.5,2,1,INTC
2004-08-16,2-for-1 split,0.5,2,1,QCOM
1999-12-31,4-for-1 split,0.25,4,1,QCOM
1999-05-11,2-for-1 split,0.5,2,1,QCOM
1994-02-24,2-for-1 split,0.5,2,1,QCOM
2002-04-17,2-for-1 split,0.5,2,1,AMAT
2000-03-16,2-for-1 split,0.5,2,1,AMAT
1997-10-14,2-for-1 split,0.5,2,1,AMAT
1995-10-13,2-for-1 split,0.5,2,1,AMAT
1993-10-06,2-for-1 split,0.5,2,1,AMAT
1992-04-07,2-for-1 split,0.5,2,1,AMAT
1986-05-16,2-for-1 split,0.5,2,1,AMAT
1981-02-06,3-for-2 split,0.66667,3,2,AMAT
1980-04-02,3-for-2 split,0.66667,3,2,AMAT
2023-01-04,1281-for-1000 split,0.78064,1281,1000,GE
2021-08-02,1-for-8 split,8.0,1,8,GE
2019-02-26,104-for-100 split,0.96154,104,100,GE
2000-05-08,3-for-1 split,0.33333,3,1,GE
1997-05-12,2-for-1 split,0.5,2,1,GE
1994-05-16,2-for-1 split,0.5,2,1,GE
1987-05-26,2-for-1 split,0.5,2,1,GE
1983-06-02,2-for-1 split,0.5,2,1,GE
1971-06-08,2-for-1 split,0.5,2,1,GE
2021-11-04,1046-for-1000 split,0.95602,1046,1000,IBM
1999-05-27,2-for-1 split,0.5,2,1,IBM
1997-05-28,2-for-1 split,0.5,2,1,IBM
1979-06-01,4-for-1 split,0.25,4,1,IBM
1973-05-29,5-for-4 split,0.8,5,4,IBM
2017-02-21,2-for-1 split,0.5,2,1,CMCSA
2007-02-22,3-for-2 split,0.66667,3,2,CMCSA
1999-05-06,2-for-1 split,0.5,2,1,CMCSA
1994-02-03,3-for-2 split,0.66667,3,2,CMCSA
1989-10-25,3-for-2 split,0.66667,3,2,CMCSA
1988-04-11,3-for-2 split,0.66667,3,2,CMCSA
1986-12-19,3-for-2 split,0.66667,3,2,CMCSA
1985-06-28,3-for-2 split,0.66667,3,2,CMCSA
1984-09-19,3-for-2 split,0.66667,3,2,CMCSA
1983-01-06,3-for-2 split,0.66667,3,2,CMCSA
1981-04-13,3-for-2 split,0.66667,3,2,CMCSA
1980-05-16,3-for-2 split,0.66667,3,2,CMCSA
2010-07-02,1000000-for-937889 split,0.93789,1000000,937889,VZ
2008-04-01,100000-for-99537 split,0.99537,100000,99537,VZ
2006-11-20,100000-for-96334 split,0.96334,100000,96334,VZ
1998-06-30,2-for-1 split,0.5,2,1,VZ
1990-05-02,2-for-1 split,0.5,2,1,VZ
1986-04-18,2-for-1 split,0.5,2,1,VZ
2014-06-09,2-for-1 split,0.5,2,1,UNP
2008-05-29,2-for-1 split,0.5,2,1,UNP
1996-10-16,10000-for-6724 split,0.6724,10000,6724,UNP
1991-10-02,2-for-1 split,0.5,2,1,UNP
1980-05-12,2-for-1 split,0.5,2,1,UNP
2016-06-01,1-for-1 split,1.0,1,1,TTE
2006-05-23,2-for-1 split,0.5,2,1,TTE
1999-11-22,2-for-1 split,0.5,2,1,AMGN
1999-03-01,2-for-1 split,0.5,2,1,AMGN
1995-08-16,2-for-1 split,0.5,2,1,AMGN
1991-09-11,3-for-1 split,0.33333,3,1,AMGN
1990-08-13,2-for-1 split,0.5,2,1,AMGN
2020-11-17,1054-for-1000 split,0.94877,1054,1000,PFE
1999-07-01,3-for-1 split,0.33333,3,1,PFE
1997-07-01,2-for-1 split,0.5,2,1,PFE
1995-07-03,2-for-1 split,0.5,2,1,PFE
1991-04-01,2-for-1 split,0.5,2,1,PFE
1983-07-01,2-for-1 split,0.5,2,1,PFE
2022-06-02,1121-for-1000 split,0.89206,1121,1000,BHP
2001-07-13,20651-for-10000 split,0.48424,20651,10000,BHP
1996-06-25,2-for-1 split,0.5,2,1,BHP
1995-05-12,1-for-1 split,1.0,1,1,BHP
1989-04-21,1-for-1 split,1.0,1,1,BHP
1987-05-28,1-for-2 split,2.0,1,2,BHP
1987-04-24,6-for-5 split,0.83333,6,5,BHP
1986-01-31,6-for-5 split,0.83333,6,5,BHP
1985-04-19,9-for-8 split,0.88889,9,8,BHP
1984-12-03,2-for-1 split,0.5,2,1,BHP
1984-04-19,6-for-5 split,0.83333,6,5,BHP
2000-01-27,2-for-1 split,0.5,2,1,MS
1997-01-15,2-for-1 split,0.5,2,1,MS
2006-07-03,2-for-1 split,0.5,2,1,LOW
2001-07-02,2-for-1 split,0.5,2,1,LOW
1998-06-29,2-for-1 split,0.5,2,1,LOW
1994-04-04,2-for-1 split,0.5,2,1,LOW
1992-06-29,2-for-1 split,0.5,2,1,LOW
2021-10-05,3-for-1 split,0.33333,3,1,ISRG
2017-10-06,3-for-1 split,0.33333,3,1,ISRG
2003-07-01,1-for-2 split,2.0,1,2,ISRG
2019-09-26,2-for-1 split,0.5,2,1,HDB
2011-07-25,5-for-1 split,0.2,5,1,HDB
2006-04-07,2-for-1 split,0.5,2,1,RY
2000-10-06,2-for-1 split,0.5,2,1,RY
2005-05-18,2-for-1 split,0.5,2,1,SPGI
1999-03-09,2-for-1 split,0.5,2,1,SPGI
1996-04-29,2-for-1 split,0.5,2,1,SPGI
1983-06-02,2-for-1 split,0.5,2,1,SPGI
2012-05-01,1311791-for-1000000 split,0.76232,1311791,1000000,COP
2005-06-02,2-for-1 split,0.5,2,1,COP
1985-07-05,3-for-1 split,0.33333,3,1,COP
2004-05-17,2-for-1 split,0.5,2,1,SYK
2000-05-15,2-for-1 split,0.5,2,1,SYK
1996-06-11,2-for-1 split,0.5,2,1,SYK
1991-06-14,2-for-1 split,0.5,2,1,SYK
1989-06-20,3-for-2 split,0.66667,3,2,SYK
1987-06-12,2-for-1 split,0.5,2,1,SYK
1985-09-17,3-for-2 split,0.66667,3,2,SYK
1982-11-15,3-for-2 split,0.66667,3,2,SYK
1980-11-12,3-for-2 split,0.66667,3,2,SYK
2018-10-29,1032-for-1000 split,0.96899,1032,1000,HON
2018-10-01,1011-for-1000 split,0.98912,1011,1000,HON
2016-10-03,10000-for-9947 split,0.9947,10000,9947,HON
1997-09-16,2-for-1 split,0.5,2,1,HON
1994-03-15,2-for-1 split,0.5,2,1,HON
2000-03-17,3-for-1 split,0.33333,3,1,LRCX
1993-09-16,3-for-2 split,0.66667,3,2,LRCX
2006-05-25,9-for-5 split,0.55556,9,5,UL
1997-10-21,4-for-1 split,0.25,4,1,UL
1987-07-14,5-for-1 split,0.2,5,1,UL
1997-06-09,2-for-1 split,0.5,2,1,BA
1990-06-11,3-for-2 split,0.66667,3,2,BA
1989-06-12,3-for-2 split,0.66667,3,2,BA
1985-06-10,3-for-2 split,0.66667,3,2,BA
1980-04-15,3-for-2 split,0.66667,3,2,BA
1979-04-16,3-for-2 split,0.66667,3,2,BA
1977-09-13,2-for-1 split,0.5,2,1,BA
2022-04-11,1324-for-1000 split,0.75529,1324,1000,T
1998-03-20,2-for-1 split,0.5,2,1,T
1993-05-26,2-for-1 split,0.5,2,1,T
1987-05-26,3-for-1 split,0.33333,3,1,T
2007-06-05,1-for-1 split,1,1,1,BLK
2000-05-31,3-for-2 split,0.66667,3,2,SCHW
1999-07-02,2-for-1 split,0.5,2,1,SCHW
1998-12-14,3-for-2 split,0.66667,3,2,SCHW
1997-09-16,3-for-2 split,0.66667,3,2,SCHW
1995-09-05,2-for-1 split,0.5,2,1,SCHW
1995-03-02,3-for-2 split,0.66667,3,2,SCHW
1993-06-02,3-for-2 split,0.66667,3,2,SCHW
1991-12-03,3-for-2 split,0.66667,3,2,SCHW
2003-06-16,1-for-6 split,6,1,6,BKNG
2020-04-03,15890-for-10000 split,0.62933,15890,10000,RTX
2005-06-13,2-for-1 split,0.5,2,1,RTX
1999-05-18,2-for-1 split,0.5,2,1,RTX
1996-12-11,2-for-1 split,0.5,2,1,RTX
1984-06-11,2-for-1 split,0.5,2,1,RTX
1976-05-19,2-for-1 split,0.5,2,1,RTX
2013-09-30,5-for-1 split,0.2,5,1,SNY
2010-11-17,10-for-1 split,0.1,10,1,SNY
2011-03-01,2-for-1 split,0.5,2,1,ETN
2004-02-24,2-for-1 split,0.5,2,1,ETN
2001-01-02,10000-for-8677 split,0.8677,10000,8677,ETN
1993-06-29,2-for-1 split,0.5,2,1,ETN
1988-09-20,3-for-2 split,0.66667,3,2,ETN
1979-10-03,3-for-2 split,0.66667,3,2,ETN
2005-06-01,2-for-1 split,0.5,2,1,ELV
2020-10-27,4-for-1 split,0.25,4,1,NEE
2005-03-16,2-for-1 split,0.5,2,1,NEE
1985-01-31,2-for-1 split,0.5,2,1,NEE
2018-11-07,2-for-1 split,0.5,2,1,TJX
2012-02-03,2-for-1 split,0.5,2,1,TJX
2002-05-09,2-for-1 split,0.5,2,1,TJX
1998-06-26,2-for-1 split,0.5,2,1,TJX
1997-06-27,2-for-1 split,0.5,2,1,TJX
2000-08-24,2-for-1 split,0.5,2,1,VRTX
1999-09-27,2-for-1 split,0.5,2,1,MDT
1997-09-15,2-for-1 split,0.5,2,1,MDT
1995-09-29,2-for-1 split,0.5,2,1,MDT
1994-09-30,2-for-1 split,0.5,2,1,MDT
1991-08-30,2-for-1 split,0.5,2,1,MDT
1989-08-31,2-for-1 split,0.5,2,1,MDT
1980-08-01,2-for-1 split,0.5,2,1,MDT
2014-01-27,1-for-1 split,1.0,1,1,PGR
2006-05-19,4-for-1 split,0.25,4,1,PGR
2002-04-23,3-for-1 split,0.33333,3,1,PGR
1992-12-09,3-for-1 split,0.33333,3,1,PGR
1986-05-27,9-for-4 split,0.44444,9,4,PGR
1985-05-28,3-for-2 split,0.66667,3,2,PGR
1983-05-16,3-for-2 split,0.66667,3,2,PGR
1981-06-08,3-for-2 split,0.66667,3,2,PGR
1980-09-23,3-for-2 split,0.66667,3,2,PGR
2000-05-25,2-for-1 split,0.5,2,1,SONY
1991-09-25,11-for-10 split,0.90909,11,10,SONY
1976-02-04,5-for-4 split,0.8,5,4,SONY
2019-03-04,1153-for-1000 split,0.8673,1153,1000,FMC
2012-05-25,2-for-1 split,0.5,2,1,FMC
2007-09-14,2-for-1 split,0.5,2,1,FMC
1986-05-29,5-for-1 split,0.2,5,1,FMC
2017-05-01,1000-for-111588 split,111.588,1000,111588,CIVI
1996-05-31,1-for-1 split,1.0,1,1,RHP
1995-05-31,1-for-1 split,1.0,1,1,RHP
1993-09-14,2-for-1 split,0.5,2,1,RHP
1998-07-02,2-for-1 split,0.5,2,1,NYT
1986-10-06,2-for-1 split,0.5,2,1,NYT
1983-12-22,3-for-1 split,0.33333,3,1,NYT
1999-06-22,3-for-2 split,0.66667,3,2,GPS
1998-12-01,3-for-2 split,0.66667,3,2,GPS
1997-12-23,3-for-2 split,0.66667,3,2,GPS
1996-04-11,2-for-1 split,0.5,2,1,GPS
1991-07-23,2-for-1 split,0.5,2,1,GPS
1990-10-23,2-for-1 split,0.5,2,1,GPS
1986-08-04,2-for-1 split,0.5,2,1,GPS
1986-01-03,2-for-1 split,0.5,2,1,GPS
1983-01-31,3-for-2 split,0.66667,3,2,GPS
2006-07-18,2-for-1 split,0.5,2,1,XRAY
2002-02-01,3-for-2 split,0.66667,3,2,XRAY
1997-10-30,2-for-1 split,0.5,2,1,XRAY
1992-08-24,2-for-1 split,0.5,2,1,XRAY
2019-08-23,2-for-1 split,0.5,2,1,SPSC
2000-11-08,25-for-10 split,0.4,25,10,IVZ
1998-04-27,2-for-1 split,0.5,2,1,IVZ
1999-03-16,3-for-2 split,0.66667,3,2,HAS
1997-03-24,3-for-2 split,0.66667,3,2,HAS
1992-03-17,3-for-2 split,0.66667,3,2,HAS
1986-08-15,2-for-1 split,0.5,2,1,HAS
1985-01-28,5-for-2 split,0.4,5,2,HAS
1983-08-22,3-for-2 split,0.66667,3,2,HAS
1983-02-23,3-for-2 split,0.66667,3,2,HAS
1982-08-20,3-for-2 split,0.66667,3,2,HAS
1997-11-10,3-for-1 split,0.33333,3,1,DAR
2000-06-15,4-for-1 split,0.25,4,1,RMBS
1999-06-23,2-for-1 split,0.5,2,1,CFR
1996-06-24,2-for-1 split,0.5,2,1,CFR
1993-02-09,110-for-100 split,0.90909,110,100,CFR
1981-12-01,4-for-3 split,0.75,4,3,CFR
1981-02-25,4-for-3 split,0.75,4,3,CFR
2019-10-01,1069-for-1000 split,0.93545,1069,1000,ENSG
2015-12-24,2-for-1 split,0.5,2,1,ENSG
2014-06-03,1833-for-1000 split,0.54555,1833,1000,ENSG
1996-03-04,5-for-4 split,0.8,5,4,MAT
1995-01-23,5-for-4 split,0.8,5,4,MAT
1994-01-10,5-for-4 split,0.8,5,4,MAT
1992-06-03,3-for-2 split,0.66667,3,2,MAT
1991-11-18,5-for-4 split,0.8,5,4,MAT
2004-01-27,2-for-1 split,0.5,2,1,THO
2002-07-09,2-for-1 split,0.5,2,1,THO
1998-04-07,3-for-2 split,0.66667,3,2,THO
1992-05-12,3-for-2 split,0.66667,3,2,THO
1986-04-01,3-for-2 split,0.66667,3,2,THO
1999-10-19,7204-for-10000 split,1.38812,7204,10000,WTS
1994-03-16,2-for-1 split,0.5,2,1,WTS
2017-12-04,2-for-1 split,0.5,2,1,CGNX
2013-09-17,2-for-1 split,0.5,2,1,CGNX
1995-12-19,2-for-1 split,0.5,2,1,CGNX
1993-10-01,2-for-1 split,0.5,2,1,CGNX
1992-02-18,2-for-1 split,0.5,2,1,CGNX
1994-12-21,2-for-1 split,0.5,2,1,CACC
1993-12-27,3-for-2 split,0.66667,3,2,CACC
1993-03-18,2-for-1 split,0.5,2,1,CACC
2023-08-17,3-for-2 split,0.66667,3,2,AAON
2014-07-17,3-for-2 split,0.66667,3,2,AAON
2013-07-03,3-for-2 split,0.66667,3,2,AAON
2011-06-14,3-for-2 split,0.66667,3,2,AAON
2007-08-22,3-for-2 split,0.66667,3,2,AAON
2002-06-05,3-for-2 split,0.66667,3,2,AAON
2001-10-01,3-for-2 split,0.66667,3,2,AAON
1995-03-07,11-for-10 split,0.90909,11,10,AAON
1993-09-16,1-for-4 split,4.0,1,4,AAON
2016-06-21,9-for-8 split,0.88889,9,8,LBTYK
2014-03-04,2-for-1 split,0.5,2,1,LBTYK
2022-12-01,1-for-1 split,1.0,1,1,CBSH
2021-12-01,105-for-100 split,0.95238,105,100,CBSH
2020-12-01,105-for-100 split,0.95238,105,100,CBSH
2019-12-02,1-for-1 split,1.0,1,1,CBSH
2018-11-29,105-for-100 split,0.95238,105,100,CBSH
2017-11-29,105-for-100 split,0.95238,105,100,CBSH
2016-11-30,105-for-100 split,0.95238,105,100,CBSH
2015-11-24,105-for-100 split,0.95238,105,100,CBSH
2014-11-25,105-for-100 split,0.95238,105,100,CBSH
2013-11-26,21-for-20 split,0.95238,21,20,CBSH
2012-11-28,105-for-100 split,0.95238,105,100,CBSH
2011-11-28,1-for-1 split,1.0,1,1,CBSH
2010-12-02,1-for-1 split,1.0,1,1,CBSH
2009-11-25,105-for-100 split,0.95238,105,100,CBSH
2008-11-12,105-for-100 split,0.95238,105,100,CBSH
2007-11-27,105-for-100 split,0.95238,105,100,CBSH
2006-11-27,105-for-100 split,0.95238,105,100,CBSH
2006-11-24,1-for-1 split,1.0,1,1,CBSH
2005-11-25,105-for-100 split,0.95238,105,100,CBSH
2004-11-24,105-for-100 split,0.95238,105,100,CBSH
2003-11-25,105-for-100 split,0.95238,105,100,CBSH
2002-11-26,105-for-100 split,0.95238,105,100,CBSH
2001-11-28,105-for-100 split,0.95238,105,100,CBSH
2000-11-28,105-for-100 split,0.95238,105,100,CBSH
1999-11-26,105-for-100 split,0.95238,105,100,CBSH
1998-11-25,105-for-100 split,0.95238,105,100,CBSH
1998-03-31,3-for-2 split,0.66667,3,2,CBSH
1997-11-25,105-for-100 split,0.95238,105,100,CBSH
1996-11-26,105-for-100 split,0.95238,105,100,CBSH
2014-06-02,1109-for-1000 split,0.90171,1109,1000,NOV
2007-10-01,2-for-1 split,0.5,2,1,NOV
1997-11-19,2-for-1 split,0.5,2,1,NOV
2005-08-23,2-for-1 split,0.5,2,1,HRB
2001-08-02,2-for-1 split,0.5,2,1,HRB
1991-10-02,2-for-1 split,0.5,2,1,HRB
1987-10-02,2-for-1 split,0.5,2,1,HRB
1985-10-02,2-for-1 split,0.5,2,1,HRB
2000-06-20,3-for-2 split,0.66667,3,2,MTZ
1997-03-03,3-for-2 split,0.66667,3,2,MTZ
2014-01-16,2-for-1 split,0.5,2,1,RLI
2002-10-16,2-for-1 split,0.5,2,1,RLI
1998-06-22,5-for-4 split,0.8,5,4,RLI
1995-06-22,5-for-4 split,0.8,5,4,RLI
1986-07-16,3-for-2 split,0.66667,3,2,RLI
1985-07-16,5-for-3 split,0.6,5,3,RLI
1981-01-19,5-for-4 split,0.8,5,4,RLI
1992-06-08,3-for-1 split,0.33333,3,1,DDS
1985-12-17,2-for-1 split,0.5,2,1,DDS
1984-09-17,2-for-1 split,0.5,2,1,DDS
1983-03-24,2-for-1 split,0.5,2,1,DDS
2005-01-10,2-for-1 split,0.5,2,1,LSTR
2003-11-14,2-for-1 split,0.5,2,1,LSTR
2002-08-13,2-for-1 split,0.5,2,1,LSTR
2014-01-14,2-for-1 split,0.5,2,1,WFG
2014-02-03,12402-for-10000 split,0.80632,12402,10000,STWD
1999-06-16,2-for-1 split,0.5,2,1,ANF
2013-07-02,2-for-1 split,0.5,2,1,OGE
1998-06-16,2-for-1 split,0.5,2,1,OGE
1999-02-09,1575-for-1000 split,0.63492,1575,1000,OLN
1996-10-31,2-for-1 split,0.5,2,1,OLN
1977-09-09,2-for-1 split,0.5,2,1,OLN
1998-04-02,3-for-2 split,0.66667,3,2,CMA
1993-01-05,2-for-1 split,0.5,2,1,CMA
1991-06-20,3-for-2 split,0.66667,3,2,CMA
1988-04-04,3-for-2 split,0.66667,3,2,CMA
2019-04-25,2-for-1 split,0.5,2,1,UGP
2011-02-25,4-for-1 split,0.25,4,1,UGP
1997-10-16,2-for-1 split,0.5,2,1,ARW
1981-01-12,2-for-1 split,0.5,2,1,ARW
1998-09-15,3-for-2 split,0.66667,3,2,CR
1996-12-13,3-for-2 split,0.66667,3,2,CR
1989-10-02,3-for-2 split,0.66667,3,2,CR
1987-05-22,3-for-2 split,0.66667,3,2,CR
1996-06-10,2-for-1 split,0.5,2,1,AN
2022-03-11,1528-for-1000 split,0.65445,1528,1000,POST
1988-05-23,3-for-2 split,0.66667,3,2,HXL
2019-05-23,1062-for-1000 split,0.94162,1062,1000,VFC
2013-12-23,4-for-1 split,0.25,4,1,VFC
1997-11-25,2-for-1 split,0.5,2,1,VFC
1986-05-06,2-for-1 split,0.5,2,1,VFC
1983-12-20,2-for-1 split,0.5,2,1,VFC
1982-12-21,2-for-1 split,0.5,2,1,VFC
2007-02-21,2-for-1 split,0.5,2,1,SIGI
1997-12-02,2-for-1 split,0.5,2,1,SIGI
1989-09-05,3-for-2 split,0.66667,3,2,SIGI
1983-09-02,2-for-1 split,0.5,2,1,SIGI
1981-04-02,3-for-2 split,0.66667,3,2,SIGI
1999-11-30,1-for-2 split,2,1,2,ATI
2010-12-29,1-for-3 split,3,1,3,NOVT
2007-03-07,105-for-100 split,0.95238,105,100,SSB
2004-12-20,105-for-100 split,0.95238,105,100,SSB
2002-11-20,11-for-10 split,0.90909,11,10,SSB
1998-10-29,11-for-10 split,0.90909,11,10,SSB
1997-06-02,2-for-1 split,0.5,2,1,SSB
2008-07-17,2-for-1 split,0.5,2,1,FLR
2006-05-23,2-for-1 split,0.5,2,1,CMC
2005-01-11,2-for-1 split,0.5,2,1,CMC
2002-07-01,2-for-1 split,0.5,2,1,CMC
1993-12-28,4-for-3 split,0.75,4,3,CMC
1988-12-27,3-for-2 split,0.66667,3,2,CMC
1986-05-05,4-for-3 split,0.75,4,3,CMC
1983-08-24,3-for-2 split,0.66667,3,2,CMC
1981-02-02,3-for-2 split,0.66667,3,2,CMC
2003-02-03,1-for-3 split,3,1,3,KGC
2004-05-11,2-for-1 split,0.5,2,1,PNFP
2013-09-03,1158-for-1000 split,0.86356,1158,1000,MUR
2005-06-06,2-for-1 split,0.5,2,1,MUR
2002-12-31,2-for-1 split,0.5,2,1,MUR
1980-06-10,3-for-1 split,0.33333,3,1,MUR
2002-07-01,1-for-5 split,5.0,1,5,NEU
1993-07-01,3-for-2 split,0.66667,3,2,NEU
1986-06-02,2-for-1 split,0.5,2,1,NEU
1985-04-02,2-for-1 split,0.5,2,1,NEU
1983-04-12,2-for-1 split,0.5,2,1,NEU
2000-09-19,3-for-2 split,0.66667,3,2,NSIT
1999-02-19,3-for-2 split,0.66667,3,2,NSIT
1998-09-09,3-for-2 split,0.66667,3,2,NSIT
1997-09-18,3-for-2 split,0.66667,3,2,NSIT
2021-04-28,1-for-5 split,5.0,1,5,ELP
2021-03-18,10-for-1 split,0.1,10,1,ELP
2019-04-08,1-for-4 split,4.0,1,4,MARA
2017-10-30,1-for-4 split,4.0,1,4,MARA
2014-12-23,2-for-1 split,0.5,2,1,MARA
2013-07-22,1-for-13 split,13.0,1,13,MARA
2016-09-14,1-for-2 split,2.0,1,2,DRS
2007-02-14,1-for-3 split,3.0,1,3,DRS
2001-04-04,10-for-25 split,2.5,10,25,DRS
1990-10-23,10-for-25 split,2.5,10,25,DRS
1987-06-10,2-for-1 split,0.5,2,1,BC
1986-02-18,2-for-1 split,0.5,2,1,BC
1983-11-16,2-for-1 split,0.5,2,1,BC
2012-05-30,1-for-10 split,10.0,1,10,BPOP
2004-07-09,2-for-1 split,0.5,2,1,BPOP
1998-07-02,2-for-1 split,0.5,2,1,BPOP
1996-07-02,2-for-1 split,0.5,2,1,BPOP
1991-01-02,5-for-2 split,0.4,5,2,BPOP
1985-09-03,3-for-1 split,0.33333,3,1,BPOP
1997-06-11,2-for-1 split,0.5,2,1,LFUS
2002-03-15,3-for-2 split,0.66667,3,2,WTFC
2024-01-04,2406-for-1000 split,0.41563,2406,1000,ALTM
2020-07-01,1-for-20 split,20.0,1,20,ALTM
2014-07-01,1397-for-1000 split,0.71582,1397,1000,TKR
1997-06-02,2-for-1 split,0.5,2,1,TKR
1988-09-01,2-for-1 split,0.5,2,1,TKR
2016-01-04,2-for-1 split,0.5,2,1,GRFS
2012-12-11,21-for-20 split,0.95238,21,20,GRFS
2012-07-23,1-for-2 split,2.0,1,2,GRFS
2015-06-02,1709-for-1000 split,0.58514,1709,1000,CIGI
2004-12-13,2-for-1 split,0.5,2,1,CIGI
2023-10-23,2-for-1 split,0.5,2,1,MLI
2014-03-31,2-for-1 split,0.5,2,1,MLI
1998-05-28,2-for-1 split,0.5,2,1,MLI
1995-10-02,2-for-1 split,0.5,2,1,MLI
2015-03-30,2-for-1 split,0.5,2,1,GIL
2007-05-29,2-for-1 split,0.5,2,1,GIL
2005-06-01,2-for-1 split,0.5,2,1,GIL
2001-02-28,2-for-1 split,0.5,2,1,GIL
1987-01-02,2-for-1 split,0.5,2,1,WHR
2022-08-02,1171-for-1000 split,0.85397,1171,1000,FTAI
2002-06-03,2-for-1 split,0.5,2,1,PB
2005-01-10,2-for-1 split,0.5,2,1,MTH
2002-04-29,2-for-1 split,0.5,2,1,MTH
1997-01-02,1-for-3 split,3.0,1,3,MTH
2021-05-03,1-for-1 split,1.0,1,1,CIG
2020-08-13,1-for-1 split,1.0,1,1,CIG
2014-01-13,13076-for-10000 split,0.76476,13076,10000,CIG
2013-05-02,1128-for-1000 split,0.88652,1128,1000,CIG
2012-05-14,5-for-4 split,0.8,5,4,CIG
2010-04-30,1-for-1 split,1.0,1,1,CIG
2009-05-14,5-for-4 split,0.8,5,4,CIG
2008-04-28,1-for-1 split,1.0,1,1,CIG
2007-06-12,2-for-1 split,0.5,2,1,CIG
2007-05-08,3-for-2 split,0.66667,3,2,CIG
2002-04-26,1-for-1 split,1.0,1,1,CIG
1998-05-05,12237-for-10000 split,0.81719,12237,10000,CIG
2006-12-18,3-for-1 split,0.33333,3,1,ENLC
1997-05-15,4-for-1 split,0.25,4,1,ZION
1993-01-27,2-for-1 split,0.5,2,1,ZION
1981-08-17,3-for-2 split,0.66667,3,2,ZION
1998-01-28,3-for-2 split,0.66667,3,2,LANC
1994-07-21,4-for-3 split,0.75,4,3,LANC
1993-04-16,4-for-3 split,0.75,4,3,LANC
1992-05-01,3-for-2 split,0.66667,3,2,LANC
1987-12-28,110-for-100 split,0.90909,110,100,LANC
1986-07-29,5-for-4 split,0.8,5,4,LANC
1983-01-05,3-for-2 split,0.66667,3,2,LANC
1998-05-26,2-for-1 split,0.5,2,1,MSM
2011-03-22,5-for-9 split,1.8,5,9,SRI
2015-02-02,2-for-1 split,0.5,2,1,SMBC
2003-10-29,2-for-1 split,0.5,2,1,SMBC
2005-07-05,5-for-4 split,0.8,5,4,CCBG
2003-06-16,5-for-4 split,0.8,5,4,CCBG
1998-06-02,3-for-2 split,0.66667,3,2,CCBG
1997-04-02,2-for-1 split,0.5,2,1,CCBG
2017-11-20,1-for-4 split,4.0,1,4,MTW
2016-03-04,441584-for-100000 split,0.22646,441584,100000,MTW
2007-09-11,2-for-1 split,0.5,2,1,MTW
2006-04-11,2-for-1 split,0.5,2,1,MTW
1999-04-01,3-for-2 split,0.66667,3,2,MTW
1997-07-01,3-for-2 split,0.66667,3,2,MTW
1996-07-03,3-for-2 split,0.66667,3,2,MTW
2006-02-17,1-for-100 split,100,1,100,CTLP
2010-11-04,1-for-5 split,5,1,5,ABUS
1999-07-16,2-for-1 split,0.5,2,1,AMNB
2021-05-03,3-for-2 split,0.66667,3,2,ALNT
1985-04-12,3-for-2 split,0.66667,3,2,ALNT
1982-11-01,2-for-1 split,0.5,2,1,ALNT
1981-12-14,5-for-4 split,0.8,5,4,ALNT
2023-03-24,2-for-1 split,0.5,2,1,GCBC
2016-03-16,2-for-1 split,0.5,2,1,GCBC
2005-06-01,2-for-1 split,0.5,2,1,GCBC
1999-07-22,110-for-100 split,0.90909,110,100,GCBC
2005-03-02,2-for-1 split,0.5,2,1,RGP
2003-02-12,1-for-1 split,1,1,1,EGY
2000-03-16,1-for-1 split,1,1,1,EGY
1997-12-23,1-for-1 split,1,1,1,EGY
1997-05-29,1-for-1 split,1,1,1,EGY
2006-04-27,4-for-3 split,0.75,4,3,DGICA
2005-03-29,4-for-3 split,0.75,4,3,DGICA
2005-08-25,2-for-1 split,0.5,2,1,CWCO
2020-06-30,1-for-5 split,5,1,5,RCEL
1989-04-03,2-for-1 split,0.5,2,1,CLFD
2006-04-27,4-for-3 split,0.75,4,3,DGICB
2005-03-29,4-for-3 split,0.75,4,3,DGICB
1998-06-26,4-for-3 split,0.75,4,3,DGICB
1997-07-16,4-for-3 split,0.75,4,3,DGICB
1994-07-11,105-for-100 split,0.95238,105,100,AXGN
1993-07-12,105-for-100 split,0.95238,105,100,AXGN
1992-07-10,105-for-100 split,0.95238,105,100,AXGN
2003-12-16,2-for-1 split,0.5,2,1,ADTN
1995-05-15,2-for-1 split,0.5,2,1,ADTN
2019-08-15,1795-for-1000 split,0.5571,1795,1000,HONE
2016-10-03,3-for-2 split,0.66667,3,2,CAC
1998-12-07,3-for-1 split,0.33333,3,1,CAC
2000-12-07,2-for-1 split,0.5,2,1,SRDX
2011-12-19,1-for-8 split,8.0,1,8,HAFC
2005-02-16,2-for-1 split,0.5,2,1,HAFC
2002-03-05,109-for-100 split,0.91743,109,100,HAFC
2001-09-24,3-for-2 split,0.66667,3,2,HAFC
2001-03-12,112-for-100 split,0.89286,112,100,HAFC
2000-02-28,110-for-100 split,0.90909,110,100,HAFC
1999-04-22,111-for-100 split,0.9009,111,100,HAFC
1998-03-18,109-for-100 split,0.91743,109,100,HAFC
1997-12-08,3-for-2 split,0.66667,3,2,MCS
1995-11-15,3-for-2 split,0.66667,3,2,MCS
1992-11-09,3-for-2 split,0.66667,3,2,MCS
1987-05-04,3-for-2 split,0.66667,3,2,MCS
2019-01-02,1612-for-1000 split,0.62035,1612,1000,NTGR
2013-01-25,14029-for-10000 split,0.71281,14029,10000,NFBK
2017-10-02,103-for-100 split,0.97087,103,100,TRC
2013-08-29,1031-for-1000 split,0.96993,1031,1000,TRC
1986-03-11,10-for-1 split,0.1,10,1,TRC
2022-08-31,1-for-5 split,5,1,5,ORC
2012-02-21,1-for-8 split,8,1,8,MVIS
1998-08-04,3-for-2 split,0.66667,3,2,WASH
1997-11-20,3-for-2 split,0.66667,3,2,WASH
1996-10-16,3-for-2 split,0.66667,3,2,WASH
1994-09-01,3-for-2 split,0.66667,3,2,WASH
2022-06-06,1-for-10 split,10,1,10,IVR
2021-04-08,2-for-1 split,0.5,2,1,AVNW
2016-06-13,1-for-6 split,6,1,6,OSG
2001-09-26,1-for-5 split,5,1,5,DHIL
2003-10-16,2-for-1 split,0.5,2,1,THFF
1998-01-07,105-for-100 split,0.95238,105,100,THFF
1996-06-14,105-for-100 split,0.95238,105,100,THFF
1995-06-16,105-for-100 split,0.95238,105,100,THFF
1993-10-25,2-for-1 split,0.5,2,1,THFF
2015-10-07,1-for-4 split,4,1,4,AVXL
2008-01-18,1-for-10 split,10,1,10,AMRN
1998-10-19,1-for-10 split,10,1,10,AMRN
2017-01-19,2-for-1 split,0.5,2,1,FFWM
2000-10-10,2-for-1 split,0.5,2,1,AUDC
2014-09-15,3-for-1 split,0.33333,3,1,ALRS
2004-04-12,2-for-1 split,0.5,2,1,ALRS
2009-07-07,105-for-100 split,0.95238,105,100,PGC
2004-09-29,11-for-10 split,0.90909,11,10,PGC
2003-09-29,11-for-10 split,0.90909,11,10,PGC
2002-11-04,2-for-1 split,0.5,2,1,PGC
2001-09-27,11-for-10 split,0.90909,11,10,PGC
2000-09-28,105-for-100 split,0.95238,105,100,PGC
1999-09-29,105-for-100 split,0.95238,105,100,PGC
2002-11-22,1-for-5 split,5,1,5,NVEC
2000-12-06,1-for-5 split,5,1,5,NVEC
2018-04-25,1-for-20 split,20,1,20,EPIX
2003-11-17,5-for-4 split,0.8,5,4,LYTS
2001-12-07,3-for-2 split,0.66667,3,2,LYTS
1995-08-16,3-for-2 split,0.66667,3,2,LYTS
1989-06-06,3-for-2 split,0.66667,3,2,LYTS
1985-09-03,3-for-2 split,0.66667,3,2,LYTS
2004-05-24,25-for-10 split,0.4,25,10,CCNE
1998-05-01,2-for-1 split,0.5,2,1,CCNE
1997-12-16,3-for-2 split,0.66667,3,2,NBN
1995-12-18,2-for-1 split,0.5,2,1,NBN
2022-11-15,40-for-1 split,0.025,40,1,BHRB
2023-12-19,1-for-4 split,4,1,4,NGNE
2023-09-25,1-for-5 split,5,1,5,NGNE
2022-09-16,103-for-100 split,0.97087,103,100,AROW
2019-09-16,103-for-100 split,0.97087,103,100,AROW
2018-09-18,103-for-100 split,0.97087,103,100,AROW
2017-09-19,103-for-100 split,0.97087,103,100,AROW
2015-09-17,102-for-100 split,0.98039,102,100,AROW
2014-09-17,102-for-100 split,0.98039,102,100,AROW
2013-09-17,102-for-100 split,0.98039,102,100,AROW
2012-09-17,102-for-100 split,0.98039,102,100,AROW
2011-09-19,103-for-100 split,0.97087,103,100,AROW
2010-09-17,103-for-100 split,0.97087,103,100,AROW
2009-09-16,103-for-100 split,0.97087,103,100,AROW
2007-09-19,103-for-100 split,0.97087,103,100,AROW
2006-09-20,103-for-100 split,0.97087,103,100,AROW
2005-09-20,103-for-100 split,0.97087,103,100,AROW
2004-09-20,103-for-100 split,0.97087,103,100,AROW
2003-09-30,5-for-4 split,0.8,5,4,AROW
2002-10-31,105-for-100 split,0.95238,105,100,AROW
2001-10-31,105-for-100 split,0.95238,105,100,AROW
1999-11-01,5-for-4 split,0.8,5,4,AROW
1998-07-30,11-for-10 split,0.90909,11,10,AROW
1997-11-12,105-for-100 split,0.95238,105,100,AROW
1996-10-09,11-for-10 split,0.90909,11,10,AROW
1987-09-02,2-for-1 split,0.5,2,1,AROW
1986-06-02,2-for-1 split,0.5,2,1,AROW
1985-10-02,5-for-4 split,0.8,5,4,AROW
2010-07-06,1-for-2 split,2,1,2,GBLI
2017-04-27,1-for-15 split,15,1,15,ARMN
2013-06-18,1-for-25 split,25,1,25,ARMN
2010-11-11,1-for-4 split,4,1,4,ARMN
2023-08-04,1-for-10 split,10,1,10,NCMI
2013-12-23,20-for-1 split,0.05,20,1,SGU
2022-01-05,11-for-10 split,0.90909,11,10,ZYXI
2023-10-16,1-for-3 split,3,1,3,JCSE
2005-12-27,3-for-2 split,0.66667,3,2,KNX
2004-07-21,3-for-2 split,0.66667,3,2,KNX
2001-12-31,3-for-2 split,0.66667,3,2,KNX
2001-06-04,3-for-2 split,0.66667,3,2,KNX
1998-05-19,3-for-2 split,0.66667,3,2,KNX
2004-08-26,3-for-2 split,0.66667,3,2,ZBRA
2003-08-22,3-for-2 split,0.66667,3,2,ZBRA
1995-12-29,2-for-1 split,0.5,2,1,ZBRA
2011-04-18,1-for-100 split,100,1,100,ARET
2002-07-23,1-for-20 split,20,1,20,ARET
2022-05-23,4-for-1 split,0.25,4,1,ATLKY
2007-05-30,2-for-1 split,0.5,2,1,ATLKY
2005-05-26,3-for-1 split,0.33333,3,1,ATLKY
2022-06-21,1-for-8 split,8,1,8,NERV
2015-07-27,1-for-5 split,5.0,1,5,SPLY
2015-03-04,12-for-1 split,0.08333,12,1,SPLY
2004-01-02,1-for-6 split,6,1,6,KLKLF
2023-11-14,1-for-10 split,10,1,10,KOOYF
2023-09-20,1-for-10 split,10,1,10,LIZI
2014-08-25,103-for-100 split,0.97087,103,100,OVCHF
2023-01-27,1-for-10 split,10.0,1,10,MRKR
2016-09-16,1-for-12 split,12.0,1,12,MRKR
2014-02-25,1-for-100 split,100.0,1,100,MRKR
2009-07-27,1-for-10 split,10.0,1,10,MRKR
2007-06-28,10-for-25 split,2.5,10,25,MRKR
2019-06-11,1-for-10 split,10.0,1,10,HSON
2005-02-28,2-for-1 split,0.5,2,1,HSON
2015-02-05,2-for-1 split,0.5,2,1,SGC
1992-06-23,4-for-1 split,0.25,4,1,SGC
1982-03-16,2-for-1 split,0.5,2,1,SGC
2020-12-21,1-for-1000 split,1000.0,1.0,1000,AHIX
2015-08-31,1-for-2500 split,2500.0,1.0,2500,AHIX
2014-08-28,1-for-150 split,150.0,1.0,150,AHIX
2013-05-02,105-for-100 split,0.95238,105.0,100,AHIX
2011-10-19,1-for-1 split,1.0,1.0,1,AHIX
1995-07-26,1-for-1 split,1.0,1.0,1,AHIX
1988-06-01,0.025-for-1 split,40.0,0.025,1,AHIX
1986-10-16,40-for-1 split,0.025,40.0,1,AHIX
2009-05-27,1-for-10 split,10.0,1,10,CDE
1984-04-10,102-for-100 split,0.98039,102,100,CDE
1983-03-25,102-for-100 split,0.98039,102,100,CDE
1981-01-26,5-for-4 split,0.8,5,4,CDE
2021-04-27,5-for-1 split,0.2,5,1,VWSYF
2009-12-21,1-for-6 split,6,1,6,LTRX
2023-02-10,1-for-7 split,7,1,7,DCSX
2014-07-24,3-for-1 split,0.33333,3,1,CESDF
2023-07-14,1-for-15 split,15,1,15,SNAX
2021-11-05,5-for-1 split,0.2,5,1,PBCRY
2019-09-05,1-for-20 split,20,1,20,CAOHF
2021-05-24,105-for-100 split,0.95238,105,100,CTUY
2018-11-29,11-for-10 split,0.90909,11,10,CTUY
2020-07-27,1-for-20 split,20,1,20,PFX
1998-02-02,2-for-1 split,0.5,2,1,FBSI
2014-09-26,1082-for-1000 split,0.92421,1082,1000,IRM
2007-01-03,3-for-2 split,0.66667,3,2,IRM
2004-07-01,3-for-2 split,0.66667,3,2,IRM
2002-01-02,3-for-2 split,0.66667,3,2,IRM
1998-08-03,3-for-2 split,0.66667,3,2,IRM
2014-01-13,1-for-750 split,750.0,1,750,TONR
2013-12-30,1-for-750 split,750.0,1,750,TONR
2006-10-25,1000-for-1 split,0.001,1000,1,TONR
2006-08-15,1-for-1000 split,1000.0,1,1000,TONR
1996-01-24,10-for-1 split,0.1,10,1,TONR
2023-07-28,1-for-6 split,6,1,6,UPC
2016-06-16,1-for-6 split,6,1,6,QBAK
2021-10-07,1-for-6 split,6,1,6,MGWFF
2013-04-02,1-for-1 split,1,1,1,FITX
1997-09-18,2-for-1 split,0.5,2,1,ANDR
1993-06-03,5-for-1 split,0.2,5,1,ANDR
2018-09-25,1-for-5000 split,5000,1,5000,SMPP
2023-11-01,1-for-8 split,8.0,1,8,BYFC
2002-12-02,2-for-1 split,0.5,2,1,BYFC
1998-08-05,108-for-100 split,0.92593,108,100,BYFC
2012-07-23,5-for-1 split,0.2,5,1,CME
2014-10-20,1-for-300 split,300,1,300,IMTV
2014-03-27,1-for-100 split,100,1,100,IMTV
2010-07-07,1-for-30 split,30,1,30,IMTV
2023-12-21,1-for-18 split,18.0,1,18,BKYI
2020-11-20,1-for-8 split,8.0,1,8,BKYI
2016-12-29,1-for-12 split,12.0,1,12,BKYI
2015-02-06,1-for-2 split,2.0,1,2,BKYI
1997-07-25,2-for-1 split,0.5,2,1,BKYI
2023-07-18,1-for-30 split,30,1,30,SNMP
2023-06-14,1-for-30 split,30,1,30,SNMP
2015-08-04,1-for-10 split,10,1,10,SNMP
2018-05-25,4-for-1 split,0.25,4,1,HTHT
2023-12-05,1-for-35 split,35,1,35,ZVSA
2010-09-01,5-for-1 split,0.2,5,1,RCMH
2009-11-06,12-for-1 split,0.08333,12,1,RCMH
2019-09-30,6-for-5 split,0.83333,6,5,CPKF
2014-09-29,12-for-10 split,0.83333,12,10,CPKF
2011-04-05,6-for-5 split,0.83333,6,5,CPKF
2007-10-11,6-for-5 split,0.83333,6,5,CPKF
2005-12-06,2-for-1 split,0.5,2,1,CPKF
2022-03-29,20-for-1 split,0.05,20,1,AKBLF
2022-03-28,20-for-1 split,0.05,20,1,AKBLF
2022-11-09,1-for-24 split,24,1,24,TANH
2022-02-28,1-for-10 split,10,1,10,TANH
2005-03-29,3-for-1 split,0.33333,3,1,EONGY
2022-09-30,1-for-300 split,300,1,300,BRBL
2021-06-11,1-for-150 split,150,1,150,BRBL
2020-03-20,1-for-1000 split,1000,1,1000,BRBL
2018-10-19,1-for-1500 split,1500,1,1500,BRBL
2017-10-31,1-for-1500 split,1500,1,1500,BRBL
2016-07-22,1-for-1000 split,1000,1,1000,BRBL
2015-09-04,1-for-1000 split,1000,1,1000,BRBL
2022-11-02,1-for-3 split,3,1,3,POCI
2008-12-11,1-for-25 split,25,1,25,POCI
2003-01-29,1-for-6 split,6,1,6,POCI
2024-02-08,20-for-1 split,0.05,20,1,ZJYL
2021-07-20,4-for-1 split,0.25,4,1,OTGBS
2001-09-17,2-for-1 split,0.5,2,1,OTGBS
2023-01-03,1-for-25 split,25,1,25,BIOR
2019-05-29,1-for-100 split,100,1,100,EHVVF
2020-06-30,50-for-49 split,0.98,50,49,RYLPF
2011-11-17,1-for-10 split,10,1,10,ARWR
2004-01-15,1-for-65 split,65,1,65,ARWR
2007-06-05,2-for-1 split,0.5,2,1,ANSS
2004-10-05,2-for-1 split,0.5,2,1,ANSS
2000-06-19,2-for-1 split,0.5,2,1,OXBC
2019-12-30,0.882239-for-1 split,1.13348,0.882239,1,FNCSF
2018-05-02,2-for-1 split,0.5,2,1,ORBN
2013-01-23,11-for-10 split,0.90909,11,10,ORBN
2007-04-03,105-for-100 split,0.95238,105,100,ORBN
2013-09-11,1-for-10 split,10,1,10,PKTEF
2023-06-06,1-for-5 split,5,1,5,GROV
2005-12-09,2-for-1 split,0.5,2,1,HLX
2000-11-14,2-for-1 split,0.5,2,1,HLX
2017-07-05,1-for-10 split,10,1,10,VYGVQ
2014-06-27,1-for-10 split,10,1,10,VYGVQ
2014-09-09,1-for-50 split,50,1,50,CNLK
2007-04-02,1-for-40 split,40,1,40,CNLK
2023-07-28,1-for-5 split,5,1,5,KGLDF
2023-01-27,1-for-10 split,10,1,10,KGLDF
2015-07-28,1-for-10 split,10,1,10,KGLDF
2008-12-26,1-for-20 split,20,1,20,BRYN
2000-03-17,3-for-1 split,0.33333,3,1,TMPLS
2016-02-04,3-for-1 split,0.33333,3,1,IINX
2022-06-06,1-for-4 split,4,1,4,STR
2015-03-05,3-for-4 split,1.33333,3,4,FGFT
2018-06-22,2-for-1 split,0.5,2,1,DUERF
2014-09-08,1-for-5 split,5,1,5,RYOOF
2011-03-21,1-for-200 split,200,1,200,ASFX
2019-10-16,2-for-1 split,0.5,2,1,ELS
2013-07-16,2-for-1 split,0.5,2,1,ELS
1994-04-25,2-for-1 split,0.5,2,1,ELS
2020-08-24,1-for-3 split,3,1,3,AHG
2014-01-28,3-for-1 split,0.33333,3,1,BADFF
2015-11-27,1-for-50 split,50,1,50,ALBKF
2022-09-28,1-for-200 split,200,1,200,DRFS
2023-02-02,105-for-100 split,0.95238,105,100,SOBS
2022-01-28,105-for-100 split,0.95238,105,100,SOBS
2020-02-27,105-for-100 split,0.95238,105,100,SOBS
2017-10-30,105-for-100 split,0.95238,105,100,SOBS
2016-02-26,21-for-20 split,0.95238,21,20,SOBS
2004-06-17,2-for-1 split,0.5,2,1,SOBS
2000-05-22,4-for-1 split,0.25,4,1,SOBS
2005-04-12,3-for-2 split,0.66667,3,2,TTWO
2020-12-18,1-for-100000 split,100000,1,100000,PBAJ
2011-12-28,1-for-1 split,1,1,1,PBAJ
2011-04-05,1-for-500 split,500,1,500,PBAJ
2016-07-13,4-for-1 split,0.25,4,1,VIAAY
2017-04-05,2-for-1 split,0.5,2,1,MKTAY
2005-07-12,0.05-for-1 split,20,0.05,1,DNAG
2008-06-05,1-for-100 split,100,1,100,AVVH
2015-08-18,8757-for-10000 split,1.14194,8757,10000,VTR
2002-06-06,1-for-5 split,5,1,5,CORG
2015-03-26,1-for-2 split,2,1,2,MG
2019-11-26,1-for-15 split,15,1,15,HSTC
2008-07-07,1-for-25 split,25,1,25,HSTC
2004-08-04,1-for-4 split,4,1,4,HSTC
2018-11-29,1-for-20 split,20,1,20,CTUNF
2014-08-29,2-for-1 split,0.5,2,1,FPSUF
2013-06-10,1-for-17 split,17.0,1,17,FPSUF
2003-11-17,4-for-3 split,0.75,4,3,MSEX
2002-01-03,3-for-2 split,0.66667,3,2,MSEX
1992-10-02,2-for-1 split,0.5,2,1,MSEX
1985-01-02,2-for-1 split,0.5,2,1,MSEX
1981-03-17,3-for-1 split,0.33333,3,1,NRT
2019-01-22,888-for-1000 split,1.12613,888,1000,AKZOF
1990-07-20,1-for-1 split,1.0,1,1,BGUUF
1989-10-10,2-for-1 split,0.5,2,1,BGUUF
1989-06-05,1-for-1 split,1.0,1,1,BGUUF
1988-07-12,1-for-1 split,1.0,1,1,BGUUF
2016-01-08,1-for-130 split,130,1,130,GRCU
2010-11-18,1-for-100 split,100,1,100,GRCU
2010-06-24,1-for-101 split,101,1,101,GRCU
2009-09-16,1-for-150 split,150,1,150,GRCU
2021-05-14,5-for-1 split,0.2,5,1,CP
2001-10-02,2-for-1 split,0.5,2,1,CP
1985-06-10,3-for-1 split,0.33333,3,1,CP
2007-06-08,3-for-1 split,0.33333,3,1,RYMM
2019-04-22,1-for-5 split,5,1,5,JAN
1997-02-24,1-for-4 split,4,1,4,JAN
2015-12-28,1-for-2500 split,2500,1,2500,ASKE
2015-03-17,1-for-2500 split,2500,1,2500,ASKE
2013-10-02,1-for-2000 split,2000,1,2000,ASKE
2021-10-28,1-for-3 split,3,1,3,DGHI
2012-12-14,1-for-4 split,4,1,4,BOSC
2010-01-12,1-for-5 split,5,1,5,BOSC
2003-05-29,1-for-4 split,4,1,4,BOSC
2007-03-27,2-for-1 split,0.5,2,1,NVRI
1997-02-18,2-for-1 split,0.5,2,1,NVRI
1986-03-04,3-for-2 split,0.66667,3,2,NVRI
1981-06-02,2-for-1 split,0.5,2,1,NVRI
1990-07-31,3-for-2 split,0.66667,3,2,KWR
1985-01-31,2-for-1 split,0.5,2,1,KWR
1994-02-16,5-for-4 split,0.8,5,4,REFR
1993-07-16,3-for-2 split,0.66667,3,2,REFR
1999-12-07,2-for-1 split,0.5,2,1,VRSN
1999-06-01,2-for-1 split,0.5,2,1,VRSN
2022-09-26,1-for-100 split,100,1,100,SHNXY
2016-11-28,1-for-100 split,100,1,100,SHNXY
2017-11-09,2-for-1 split,0.5,2,1,YUANF
2012-02-06,5-for-2 split,0.4,5,2,YUANF
2013-08-29,10-for-1 split,0.1,10,1,BTZI
2008-04-28,3-for-1 split,0.33333,3,1,RBA
2004-05-07,2-for-1 split,0.5,2,1,RBA
2020-09-16,1-for-7 split,7,1,7,ACET
2024-03-04,3-for-2 split,0.66667,3,2,SVNDY
2014-11-04,4-for-1 split,0.25,4,1,SVNDY
2019-07-01,2-for-1 split,0.5,2,1,ENBP
1995-04-20,5-for-1 split,0.2,5,1,ENBP
2022-10-03,378-for-100 split,0.26455,378,100,ADEA
2019-02-19,2-for-1 split,0.5,2,1,CHYHY
2014-03-25,1-for-10 split,10,1,10,BGAVF
2012-10-09,1-for-400 split,400,1,400,AVOZ
2009-08-10,1-for-200 split,200,1,200,AVOZ
2000-12-11,10-for-1 split,0.1,10,1,PCRFY
2005-12-27,3-for-2 split,0.66667,3,2,JBLU
2003-11-21,3-for-2 split,0.66667,3,2,JBLU
2002-12-13,3-for-2 split,0.66667,3,2,JBLU
2003-04-16,1-for-20 split,20,1,20,GILT
2023-03-03,1-for-10 split,10,1,10,BAKPF
2020-05-27,1-for-12 split,12,1,12,BAKPF
2020-05-04,1-for-12 split,12,1,12,BAKPF
2024-02-23,1-for-2.5 split,2.5,1,2.5,ALCUF
2023-10-23,1-for-4 split,4.0,1,4.0,ALCUF
2023-01-23,1-for-3 split,3,1,3,SRKZF
2019-12-03,1-for-10 split,10,1,10,SRKZF
2016-03-15,1-for-10 split,10,1,10,SRKZF
2019-04-09,4-for-1 split,0.25,4,1,OLYMY
2003-09-24,2-for-1 split,0.5,2,1,SNPS
1995-09-11,2-for-1 split,0.5,2,1,SNPS
2008-02-28,1-for-1000 split,1000,1,1000,EMHI
2015-07-02,116-for-115 split,0.99138,116,115,BRLAF
2020-01-15,1-for-10 split,10,1,10,CRPLF
2015-11-27,1-for-20 split,20,1,20,FRNRF
2008-01-10,120-for-100 split,0.83333,120,100,GLBZ
2006-01-05,120-for-100 split,0.83333,120,100,GLBZ
2003-12-31,120-for-100 split,0.83333,120,100,GLBZ
2001-06-22,3-for-2 split,0.66667,3,2,GLBZ
1999-12-23,6-for-5 split,0.83333,6,5,GLBZ
2002-02-22,1-for-5 split,5,1,5,CLHI
2015-04-22,2-for-1 split,0.5,2,1,AXFOY
2018-02-01,1-for-10 split,10.0,1,10,HHS
2002-05-31,3-for-2 split,0.66667,3,2,HHS
1998-03-17,2-for-1 split,0.5,2,1,HHS
1995-12-18,3-for-2 split,0.66667,3,2,HHS
2018-06-27,3-for-1 split,0.33333,3,1,SXYAY
2023-10-10,1-for-15 split,15,1,15,FBIO
2015-03-27,2-for-1 split,0.5,2,1,SEKEF
2023-05-16,1-for-38 split,38,1,38,SEZNL
2011-05-25,1-for-100 split,100.0,1,100,CBDD
2007-05-07,4-for-1 split,0.25,4,1,CBDD
2007-04-13,1-for-50 split,50.0,1,50,CBDD
2014-06-27,3-for-1 split,0.33333,3,1,MIDD
2007-06-18,2-for-1 split,0.5,2,1,MIDD
1988-06-02,5-for-4 split,0.8,5,4,MIDD
2020-07-01,7-for-1 split,0.14286,7,1,BCNAF
2011-01-20,5-for-1 split,0.2,5,1,TRUHF
2011-01-13,11-for-10 split,0.90909,11,10,TRUHF
2018-04-16,1-for-3 split,3,1,3,BLVDF
2014-03-26,1-for-9 split,9,1,9,BLVDF
2017-08-01,2-for-1 split,0.5,2,1,BANF
2006-03-02,2-for-1 split,0.5,2,1,BANF
1992-06-15,3-for-2 split,0.66667,3,2,BANF
2000-03-16,2-for-1 split,0.5,2,1,ADI
1997-01-07,4-for-3 split,0.75,4,3,ADI
1996-01-04,3-for-2 split,0.66667,3,2,ADI
1995-01-05,3-for-2 split,0.66667,3,2,ADI
1986-04-15,4-for-3 split,0.75,4,3,ADI
1984-04-17,4-for-3 split,0.75,4,3,ADI
1983-04-05,3-for-2 split,0.66667,3,2,ADI
1982-04-13,5-for-4 split,0.8,5,4,ADI
1981-04-07,5-for-4 split,0.8,5,4,ADI
1980-04-16,5-for-4 split,0.8,5,4,ADI
2004-08-17,2-for-1 split,0.5,2,1,AONNY
2002-07-16,10-for-1 split,0.1,10,1,AONNY
2024-01-05,75-for-100 split,1.33333,75,100,YMHAD
2024-01-03,751-for-1000 split,1.33156,751,1000,YMHAD
2018-04-20,1-for-12 split,12,1,12,ATOS
2016-08-26,1-for-15 split,15,1,15,ATOS
2023-09-01,1-for-1 split,1.0,1,1,FUIZF
2022-09-27,1-for-1 split,1.0,1,1,FUIZF
2021-09-02,1100-for-1000 split,0.90909,1100,1000,FUIZF
2012-08-07,1-for-1 split,1.0,1,1,FUIZF
2011-08-15,1-for-1 split,1.0,1,1,FUIZF
2013-01-03,1-for-15 split,15,1,15,FDCFF
2023-11-10,2-for-1 split,0.5,2,1,MTEHF
2023-08-03,1-for-10 split,10.0,1,10,MTEHF
2021-11-12,1-for-4 split,4.0,1,4,MTEHF
2006-11-30,1-for-1000 split,1000,1,1000,RADR
2014-11-18,6-for-5 split,0.83333,6,5,AMBZ
2013-04-26,11-for-10 split,0.90909,11,10,AMBZ
2011-03-29,11-for-10 split,0.90909,11,10,AMBZ
2009-10-15,11-for-10 split,0.90909,11,10,AMBZ
2006-07-31,3-for-2 split,0.66667,3,2,AMBZ
2005-06-15,3-for-1 split,0.33333,3,1,IOR
1996-07-01,2-for-1 split,0.5,2,1,IOR
1991-09-06,1-for-4 split,4.0,1,4,IOR
1989-09-11,120-for-100 split,0.83333,120,100,MKL
2006-07-12,3-for-2 split,0.66667,3,2,CYBD
2020-01-02,5-for-1 split,0.2,5,1,UNLRF
2003-09-03,10-for-1 split,0.1,10,1,UNLRF
2012-09-24,1-for-3 split,3,1,3,KALY
2011-12-12,1-for-2 split,2,1,2,KALY
2009-01-16,1-for-100 split,100,1,100,KALY
2013-01-17,8-for-1 split,0.125,8,1,FCGY
1992-01-02,2-for-1 split,0.5,2,1,UVV
1984-03-02,2-for-1 split,0.5,2,1,UVV
1978-03-06,2-for-1 split,0.5,2,1,UVV
2016-11-29,3-for-2 split,0.66667,3,2,FLIC
2014-10-16,3-for-2 split,0.66667,3,2,FLIC
2007-04-17,2-for-1 split,0.5,2,1,FLIC
2002-07-25,3-for-2 split,0.66667,3,2,FLIC
1998-02-03,3-for-2 split,0.66667,3,2,FLIC
1996-02-05,3-for-2 split,0.66667,3,2,FLIC
1989-07-10,105-for-100 split,0.95238,105,100,FLIC
1988-07-11,105-for-100 split,0.95238,105,100,FLIC
1987-09-18,3-for-2 split,0.66667,3,2,FLIC
2009-01-13,1-for-15 split,15,1,15,AWCA
2009-02-05,1-for-100 split,100,1,100,PDPG
2003-12-31,1-for-5 split,5.0,1,5,SCRH
2002-02-14,4-for-1 split,0.25,4,1,SCRH
2002-01-03,1-for-50 split,50.0,1,50,SCRH
2023-04-25,1-for-45 split,45,1,45,YCBD
2010-11-04,3-for-1 split,0.33333,3,1,MDTC
2017-09-19,1-for-100 split,100,1,100,ZPHRF
2022-11-14,1-for-50 split,50,1,50,KTRA
2019-05-08,1-for-10 split,10,1,10,KTRA
2010-04-13,1-for-3 split,3,1,3,SYPT
2007-05-21,1-for-200 split,200,1,200,SYPT
2015-05-19,1-for-2000 split,2000,1,2000,RAMPF
2020-05-13,1-for-5 split,5,1,5,FEERF
2007-12-03,1-for-4 split,4,1,4,SPDE
2006-05-17,105-for-100 split,0.95238,105,100,FULT
2005-06-09,5-for-4 split,0.8,5,4,FULT
2004-05-12,105-for-100 split,0.95238,105,100,FULT
2003-04-28,105-for-100 split,0.95238,105,100,FULT
2002-05-21,5-for-4 split,0.8,5,4,FULT
2001-04-30,105-for-100 split,0.95238,105,100,FULT
2000-05-04,105-for-100 split,0.95238,105,100,FULT
1999-05-06,11-for-10 split,0.90909,11,10,FULT
1998-05-28,5-for-4 split,0.8,5,4,FULT
1997-05-21,11-for-10 split,0.90909,11,10,FULT
1994-06-01,5-for-4 split,0.8,5,4,FULT
1986-06-03,2-for-1 split,0.5,2,1,FULT
2015-09-16,1-for-10 split,10,1,10,ITMTF
2010-08-03,1-for-1 split,1.0,1,1,DECK
2010-07-06,3-for-1 split,0.33333,3,1,DECK
2014-11-17,1027-for-1000 split,0.97371,1027,1000,IPDQF
2023-03-03,103-for-100 split,0.97087,103,100,TROLB
2022-03-04,103-for-100 split,0.97087,103,100,TROLB
2021-03-04,103-for-100 split,0.97087,103,100,TROLB
2018-03-05,103-for-100 split,0.97087,103,100,TROLB
2016-03-04,103-for-100 split,0.97087,103,100,TROLB
2014-02-28,103-for-100 split,0.97087,103,100,TROLB
2024-01-03,2.2-for-1 split,0.45455,2.2,1,URGYF
2021-06-24,1-for-10 split,10.0,1.0,10,URGYF
2017-03-22,1-for-3 split,3.0,1.0,3,URGYF
2015-11-18,1-for-2 split,2.0,1.0,2,URGYF
2013-11-01,1-for-6 split,6.0,1.0,6,URGYF
2018-10-15,1-for-10 split,10,1,10,UGLDF
2006-02-22,0.5999-for-1 split,1.66694,0.5999,1,DGNG
2007-04-30,11-for-10 split,0.90909,11,10,FRST
2005-08-15,1-for-5 split,5,1,5,NMGC
2017-02-14,2-for-1 split,0.5,2,1,BTI
1993-05-27,2-for-1 split,0.5,2,1,BTI
1998-01-05,2-for-1 split,0.5,2,1,MCK
1996-09-17,2-for-1 split,0.5,2,1,RGR
1993-05-14,2-for-1 split,0.5,2,1,RGR
1989-06-02,2-for-1 split,0.5,2,1,RGR
1981-06-16,2-for-1 split,0.5,2,1,RGR
2021-12-10,1-for-2 split,2,1,2,VRTHF
2021-09-01,1-for-2 split,2,1,2,VRTHF
2019-02-11,1-for-10 split,10,1,10,VRTHF
2023-03-23,0.003333-for-1 split,300.03,0.003333,1,BBRW
2022-04-29,1-for-300 split,300.0,1.0,300,BBRW
2019-10-18,1-for-3000 split,3000.0,1.0,3000,BBRW
2016-08-11,1-for-8 split,8,1,8,QRHC
2012-11-13,1-for-5 split,5,1,5,QRHC
2023-06-09,1-for-20 split,20,1,20,CNVS
2016-05-10,1-for-10 split,10,1,10,CNVS
2023-02-15,1-for-25 split,25,1,25,NVDEF
2015-08-27,1-for-10 split,10,1,10,NVDEF
2009-03-24,0.05-for-1 split,20.0,0.05,1.0,GAEC
2006-07-31,0.05-for-0.05 split,1.0,0.05,0.05,GAEC
2005-01-20,10-for-0.0025 split,0.00025,10.0,0.0025,GAEC
2022-05-17,0.1-for-1 split,10.0,0.1,1.0,FLLLF
2021-03-11,0.25-for-0.1 split,0.4,0.25,0.1,FLLLF
2024-03-05,3-for-1 split,0.33333,3,1,HVRRY
2013-08-13,1-for-8 split,8,1,8,HCGI
2006-04-27,5-for-1 split,0.2,5,1,TS
2012-10-15,2-for-1 split,0.5,2,1,SHG
2023-04-28,1-for-15 split,15,1,15,IMPP
2022-03-30,1-for-10 split,10,1,10,GMPXF
2003-12-09,1-for-20 split,20,1,20,HGBL
2018-07-31,150-for-100 split,0.66667,150,100,PPCCY
2013-04-26,11-for-1 split,0.09091,11,1,CATV
2014-03-17,2-for-1 split,0.5,2,1,ARQ
2023-04-05,2499-for-1000 split,0.40016,2499,1000,SHECY
2011-08-04,4-for-1 split,0.25,4,1,SHECY
2016-11-01,1334-for-1000 split,0.74963,1334,1000,HWM
2016-10-06,1-for-3 split,3.0,1,3,HWM
2000-06-12,2-for-1 split,0.5,2,1,HWM
1999-02-26,2-for-1 split,0.5,2,1,HWM
1995-02-27,2-for-1 split,0.5,2,1,HWM
1981-02-23,2-for-1 split,0.5,2,1,HWM
2022-12-06,1-for-10 split,10,1,10,CKPT
2017-10-05,1-for-50 split,50,1,50,ZZLL
2011-10-19,1-for-10 split,10,1,10,ZZLL
2022-03-03,1-for-6 split,6,1,6,SLGWF
2001-03-15,2-for-1 split,0.5,2,1,BMO
2008-03-03,2-for-1 split,0.5,2,1,JNSH
2007-10-29,1-for-80 split,80.0,1,80,JNSH
2006-04-03,10-for-1 split,0.1,10,1,JNSH
2021-09-07,92-for-100 split,1.08696,92,100,BKGFF
2020-03-19,92-for-100 split,1.08696,92,100,BKGFF
2009-02-02,1-for-40 split,40.0,1,40,BNGI
2007-02-16,6-for-1 split,0.16667,6,1,BNGI
2020-03-20,1-for-50 split,50,1,50,INLX
2014-09-03,1-for-7 split,7,1,7,INLX
2022-12-02,1-for-40 split,40,1,40,LGL.WT
2023-12-14,1-for-5 split,5,1,5,GENE
2019-08-15,1-for-4 split,4,1,4,GENE
2015-01-20,1-for-5 split,5,1,5,GENE
2018-02-12,1-for-100 split,100,1,100,JETR
2018-02-09,2-for-1 split,0.5,2,1,SFNC
2003-05-02,2-for-1 split,0.5,2,1,SFNC
1996-12-09,3-for-2 split,0.66667,3,2,SFNC
1992-06-08,2-for-1 split,0.5,2,1,SFNC
2003-12-16,3-for-2 split,0.66667,3,2,FFIC
2001-08-31,3-for-2 split,0.66667,3,2,FFIC
1998-10-01,3-for-2 split,0.66667,3,2,FFIC
2011-02-11,1-for-10 split,10,1,10,IGPFF
2013-04-15,1-for-5 split,5.0,1,5,APPS
2006-08-18,25-for-10 split,0.4,25,10,APPS
2008-02-25,8-for-1 split,0.125,8,1,QSPW
2014-04-04,5-for-1 split,0.2,5,1,AMKAF
2019-04-10,1-for-30 split,30,1,30,BTCS
2017-02-15,1-for-60 split,60,1,60,BTCS
2009-06-10,1-for-182 split,182,1,182,SGDH
2018-07-16,2-for-1 split,0.5,2,1,CCCMF
1999-06-22,2-for-1 split,0.5,2,1,LNC
1993-06-28,2-for-1 split,0.5,2,1,LNC
2009-05-28,10-for-1 split,0.1,10,1,KBLB
2022-10-31,1-for-6 split,6,1,6,ROVMF
2020-07-01,1-for-10 split,10.0,1,10,ODP
1999-04-05,3-for-2 split,0.66667,3,2,ODP
1994-06-20,3-for-2 split,0.66667,3,2,ODP
1993-06-07,3-for-2 split,0.66667,3,2,ODP
1992-05-26,2-for-1 split,0.5,2,1,ODP
1989-05-23,3-for-2 split,0.66667,3,2,ODP
2021-07-19,1-for-10 split,10,1,10,CAXPF
2017-11-17,1-for-2 split,2,1,2,CAXPF
2012-12-12,2-for-1 split,0.5,2,1,MTX
2013-04-30,1-for-5 split,5,1,5,PEXZF
2022-08-19,1-for-3 split,3,1,3,VANI
2020-01-06,1-for-8 split,8,1,8,VANI
2007-07-24,1-for-200 split,200,1,200,PRMO
2014-01-29,1-for-10 split,10,1,10,PARR
1986-12-02,3-for-2 split,0.66667,3,2,AXR
1985-11-22,6-for-5 split,0.83333,6,5,AXR
1984-11-23,5-for-4 split,0.8,5,4,AXR
1983-07-28,6-for-5 split,0.83333,6,5,AXR
2023-06-20,1-for-7 split,7,1,7,EFOI
2020-06-12,1-for-5 split,5,1,5,EFOI
2014-07-18,1-for-10 split,10,1,10,EFOI
2021-01-22,1-for-4 split,4,1,4,XTCYF
2014-01-22,1019-for-1000 split,0.98135,1019,1000,SSEZF
2020-03-18,2-for-1 split,0.5,2,1,TU
2013-04-17,2-for-1 split,0.5,2,1,TU
2017-12-19,2-for-1 split,0.5,2,1,CNSJF
2006-05-18,4-for-1 split,0.25,4,1,CNSJF
2020-01-10,1-for-200 split,200.0,1,200,CHYI
2008-07-08,5-for-1 split,0.2,5,1,CHYI
2022-05-24,1-for-5 split,5,1,5,HIVE
2022-03-16,1-for-50 split,50,1,50,ODZA
2022-03-14,1-for-50 split,50,1,50,ODZA
2000-06-02,2-for-1 split,0.5,2,1,AES
1997-08-29,2-for-1 split,0.5,2,1,AES
1994-03-04,103-for-100 split,0.97087,103,100,AES
1994-02-01,3-for-2 split,0.66667,3,2,AES
2022-07-28,1-for-10 split,10,1,10,GRNQ
2023-11-30,1-for-12 split,12,1,12,UK
2022-04-22,1-for-20 split,20,1,20,UK
1992-09-29,1-for-5 split,5.0,1,5,CECO
1985-08-30,9-for-1 split,0.11111,9,1,CECO
2010-10-14,1-for-1000 split,1000,1,1000,IJJP
2022-12-12,1-for-50 split,50,1,50,MITI
2016-01-20,1-for-101 split,101,1,101,MITI
2006-05-26,2-for-1 split,0.5,2,1,ITW
1997-05-28,2-for-1 split,0.5,2,1,ITW
1993-06-21,2-for-1 split,0.5,2,1,ITW
1987-05-27,2-for-1 split,0.5,2,1,ITW
1984-05-23,2-for-1 split,0.5,2,1,ITW
2018-10-10,1-for-4 split,4,1,4,PNXLF
2014-12-22,1-for-3 split,3,1,3,PNXLF
2008-12-23,1-for-10 split,10,1,10,PNXLF
2001-03-05,2-for-1 split,0.5,2,1,JKHY
2000-03-03,2-for-1 split,0.5,2,1,JKHY
1997-03-14,3-for-2 split,0.66667,3,2,JKHY
1994-03-11,4-for-3 split,0.75,4,3,JKHY
1993-03-09,3-for-2 split,0.66667,3,2,JKHY
1992-03-04,3-for-2 split,0.66667,3,2,JKHY
2007-10-02,3-for-2 split,0.66667,3,2,PH
1997-09-08,3-for-2 split,0.66667,3,2,PH
1995-06-02,3-for-2 split,0.66667,3,2,PH
1986-06-09,3-for-2 split,0.66667,3,2,PH
2023-08-31,0.071429-for-1 split,13.99992,0.071429,1,SGBG
2020-10-21,1-for-1000 split,1000,1,1000,SLOFF
2007-07-10,2-for-1 split,0.5,2,1,EME
2006-02-13,2-for-1 split,0.5,2,1,EME
2016-02-25,1-for-30465 split,30465,1,30465,EVTNF
2000-05-15,2-for-1 split,0.5,2,1,ALKS
1998-05-18,3-for-2 split,0.66667,3,2,PNBC
1994-05-27,3-for-2 split,0.66667,3,2,PNBC
2016-01-25,1-for-200 split,200,1,200,AGCZ
2009-09-22,1-for-20 split,20,1,20,AGCZ
2007-09-27,1-for-10 split,10,1,10,AGCZ
2019-02-14,1-for-30 split,30,1,30,VGGOF
1998-09-15,3-for-1 split,0.33333,3,1,LZB
1987-09-15,4-for-1 split,0.25,4,1,LZB
2004-12-29,11-for-10 split,0.90909,11,10,OFG
2003-12-29,11-for-10 split,0.90909,11,10,OFG
2003-01-16,5-for-4 split,0.8,5,4,OFG
2002-03-27,11-for-10 split,0.90909,11,10,OFG
1998-10-16,4-for-3 split,0.75,4,3,OFG
1997-10-16,5-for-4 split,0.8,5,4,OFG
1996-10-17,6-for-5 split,0.83333,6,5,OFG
1995-10-03,5-for-4 split,0.8,5,4,OFG
1994-10-06,4-for-3 split,0.75,4,3,OFG
1993-08-17,3-for-2 split,0.66667,3,2,OFG
1992-09-25,8-for-7 split,0.875,8,7,OFG
1991-11-18,11-for-10 split,0.90909,11,10,OFG
2018-03-08,1-for-200 split,200,1,200,LQWC
2007-08-20,1-for-3 split,3,1,3,LQWC
2006-05-23,1-for-6 split,6,1,6,LQWC
2019-09-06,1-for-2 split,2,1,2,RECAF
2013-12-19,1-for-10 split,10,1,10,RECAF
2003-07-11,1-for-2 split,2,1,2,RECAF
2023-12-28,1-for-3 split,3,1,3,ULTHF
2023-12-27,1-for-3 split,3,1,3,ULTHF
2020-02-18,1-for-7 split,7,1,7,ULTHF
2014-10-09,2-for-1 split,0.5,2,1,PHX
2006-01-10,2-for-1 split,0.5,2,1,PHX
2004-04-16,2-for-1 split,0.5,2,1,PHX
1999-06-02,3-for-1 split,0.33333,3,1,PHX
2002-05-10,2-for-1 split,0.5,2,1,CATKU
2024-01-25,1-for-20 split,20,1,20,COPHF
2004-10-15,0.01666-for-1 split,60.02401,0.01666,1,PGGG
2003-11-17,0.001-for-1 split,1000,0.001,1,IMJX
2018-03-07,1-for-2 split,2,1,2,NBMFF
2016-02-29,1-for-5 split,5,1,5,NBMFF
2012-11-05,1-for-10 split,10,1,10,NBMFF
2004-05-31,2-for-1 split,0.5,2,1,TTNDF
2022-07-12,1-for-150 split,150,1,150,SNTMF
2020-10-12,675-for-1000 split,1.48148,675,1000,FURY
2017-09-13,11-for-10 split,0.90909,11,10,MILFF
2012-02-21,1-for-50000 split,50000,1,50000,BYRG
2011-02-17,1-for-200 split,200,1,200,BYRG
2020-08-31,3-for-1 split,0.33333,3,1,WETG
